[{"ID": 0, "Name": "Local", "Score": 7, "Round": 0, "Flag": 0, "Time": 5.97}, {"ID": 1, "Name": "XYY", "Score": 44, "Round": 3, "Flag": 2, "Time": 48.76}, {"ID": 2, "Name": "abc", "Score": 21, "Round": 2, "Flag": 1, "Time": 9.76}, {"ID": 3, "Name": "Zbj", "Score": 1, "Round": 1, "Flag": 0, "Time": 11.23}, {"ID": 4, "Name": "green", "Score": 12, "Round": 2, "Flag": 1, "Time": 19.32}, {"ID": 5, "Name": "123", "Score": 1, "Round": 0, "Flag": 0, "Time": 5.41}, {"ID": 6, "Name": "hello", "Score": 21, "Round": 2, "Flag": 1, "Time": 15.68}, {"ID": 7, "Name": "zhulei", "Score": 22, "Round": 3, "Flag": 2, "Time": 40.49}, {"ID": 8, "Name": "chd", "Score": 44, "Round": 3, "Flag": 2, "Time": 47.66}, {"ID": 9, "Name": "chd2", "Score": 11, "Round": 1, "Flag": 0, "Time": 24.9}]